<?xml version="1.0" encoding="UTF-8"?>
<project-private xmlns="http://www.netbeans.org/ns/project-private/1">
    <editor-bookmarks xmlns="http://www.netbeans.org/ns/editor-bookmarks/2" lastBookmarkId="0"/>
    <open-files xmlns="http://www.netbeans.org/ns/projectui-open-files/2">
        <group>
            <file>file:/C:/Users/crade/Dropbox/Ingenieria%20Mecatronica/Cuarto%20Año%20%20%20%20%20-%202021/Primer%20Semestre/Digital%202/Labs/Github/Digital_2/LAB_3/MPLab/USART.c</file>
            <file>file:/C:/Users/crade/Dropbox/Ingenieria%20Mecatronica/Cuarto%20Año%20%20%20%20%20-%202021/Primer%20Semestre/Digital%202/Labs/Github/Digital_2/LAB_3/MPLab/LCD.h</file>
            <file>file:/C:/Users/crade/Dropbox/Ingenieria%20Mecatronica/Cuarto%20Año%20%20%20%20%20-%202021/Primer%20Semestre/Digital%202/Labs/Github/Digital_2/LAB_3/MPLab/LCD.c</file>
            <file>file:/C:/Users/crade/Dropbox/Ingenieria%20Mecatronica/Cuarto%20Año%20%20%20%20%20-%202021/Primer%20Semestre/Digital%202/Labs/Github/Digital_2/LAB_3/MPLab/ADC.c</file>
            <file>file:/C:/Users/crade/Dropbox/Ingenieria%20Mecatronica/Cuarto%20Año%20%20%20%20%20-%202021/Primer%20Semestre/Digital%202/Labs/Github/Digital_2/LAB_3/MPLab/ADC.h</file>
            <file>file:/C:/Users/crade/Dropbox/Ingenieria%20Mecatronica/Cuarto%20Año%20%20%20%20%20-%202021/Primer%20Semestre/Digital%202/Labs/Github/Digital_2/LAB_3/MPLab/USART.h</file>
            <file>file:/C:/Users/crade/Dropbox/Ingenieria%20Mecatronica/Cuarto%20Año%20%20%20%20%20-%202021/Primer%20Semestre/Digital%202/Labs/Github/Digital_2/LAB_3/MPLab/LAB3.c</file>
        </group>
    </open-files>
</project-private>
