<?xml version="1.0" encoding="UTF-8"?>
<project-private xmlns="http://www.netbeans.org/ns/project-private/1">
    <editor-bookmarks xmlns="http://www.netbeans.org/ns/editor-bookmarks/2" lastBookmarkId="0"/>
    <open-files xmlns="http://www.netbeans.org/ns/projectui-open-files/2">
        <group name="al">
            <file>file:/C:/Users/crade/Dropbox/Ingenieria%20Mecatronica/Cuarto%20Año%20%20%20%20%20-%202021/Primer%20Semestre/Digital%202/Labs/Github/Digital_2/Mini-Proyecto%201/MPLab/ESCLAVO_3.X/Esclavo_3.c</file>
            <file>file:/C:/Users/crade/Dropbox/Ingenieria%20Mecatronica/Cuarto%20Año%20%20%20%20%20-%202021/Primer%20Semestre/Digital%202/Labs/Github/Digital_2/Mini-Proyecto%201/MPLab/MAESTRO.X/spi.h</file>
            <file>file:/C:/Users/crade/Dropbox/Ingenieria%20Mecatronica/Cuarto%20Año%20%20%20%20%20-%202021/Primer%20Semestre/Digital%202/Labs/Github/Digital_2/Mini-Proyecto%201/MPLab/MAESTRO.X/lcd.c</file>
            <file>file:/C:/Users/crade/Dropbox/Ingenieria%20Mecatronica/Cuarto%20Año%20%20%20%20%20-%202021/Primer%20Semestre/Digital%202/Labs/Github/Digital_2/Mini-Proyecto%201/MPLab/MAESTRO.X/usart.c</file>
            <file>file:/C:/Users/crade/Dropbox/Ingenieria%20Mecatronica/Cuarto%20Año%20%20%20%20%20-%202021/Primer%20Semestre/Digital%202/Labs/Github/Digital_2/Mini-Proyecto%201/MPLab/MAESTRO.X/MAESTRO.c</file>
            <file>file:/C:/Users/crade/Dropbox/Ingenieria%20Mecatronica/Cuarto%20Año%20%20%20%20%20-%202021/Primer%20Semestre/Digital%202/Labs/Github/Digital_2/Mini-Proyecto%201/MPLab/MAESTRO.X/lcd.h</file>
            <file>file:/C:/Users/crade/Dropbox/Ingenieria%20Mecatronica/Cuarto%20Año%20%20%20%20%20-%202021/Primer%20Semestre/Digital%202/Labs/Github/Digital_2/Mini-Proyecto%201/MPLab/MAESTRO.X/SPI.c</file>
        </group>
    </open-files>
</project-private>
