<?xml version="1.0" encoding="UTF-8"?>
<project-private xmlns="http://www.netbeans.org/ns/project-private/1">
    <editor-bookmarks xmlns="http://www.netbeans.org/ns/editor-bookmarks/2" lastBookmarkId="0"/>
    <open-files xmlns="http://www.netbeans.org/ns/projectui-open-files/2">
        <group name="al">
            <file>file:/C:/Users/crade/Dropbox/Ingenieria%20Mecatronica/Cuarto%20Año%20%20%20%20%20-%202021/Primer%20Semestre/Digital%202/Labs/Github/Digital_2/Mini-Proyecto%202/MPLAB/Mini-Proyecto2.X/I2C.c</file>
            <file>file:/C:/Users/crade/Dropbox/Ingenieria%20Mecatronica/Cuarto%20Año%20%20%20%20%20-%202021/Primer%20Semestre/Digital%202/Labs/Github/Digital_2/Mini-Proyecto%202/MPLAB/Mini-Proyecto2.X/usart.c</file>
            <file>file:/C:/Users/crade/Dropbox/Ingenieria%20Mecatronica/Cuarto%20Año%20%20%20%20%20-%202021/Primer%20Semestre/Digital%202/Labs/Github/Digital_2/Mini-Proyecto%202/MPLAB/Mini-Proyecto2.X/MASTER.c</file>
            <file>file:/C:/Users/crade/Dropbox/Ingenieria%20Mecatronica/Cuarto%20Año%20%20%20%20%20-%202021/Primer%20Semestre/Digital%202/Labs/Github/Digital_2/Mini-Proyecto%202/MPLAB/Mini-Proyecto2.X/usart.h</file>
        </group>
    </open-files>
</project-private>
